,PC1,PC2
Age,-0.4737671862210775,-0.4453016780779976
Annual_Income_k$,0.5202660935048633,0.330219759405448
Spending_Score,-0.13029839354933312,0.4272855787889088
Online_Shopping_Ratio,-0.06754872448764189,0.4471566588505517
Visit_Frequency_per_Month,-0.46201717858793856,0.057765289503189904
Time_Spent_per_Visit_min,-0.38755109627255274,0.3532705677261732
Gender,-0.3374596865376817,0.33557966446265797
Loyalty_Program,-0.0761089882824705,0.2634172521114296
