,precision,recall,f1-score,support
0,0.6986301369863014,0.6296296296296297,0.6623376623376623,81.0
1,0.8395061728395061,0.9315068493150684,0.8831168831168831,73.0
2,0.7808219178082192,0.7808219178082192,0.7808219178082192,73.0
3,0.7534246575342466,0.7534246575342466,0.7534246575342466,73.0
accuracy,0.77,0.77,0.77,0.77
macro avg,0.7680957212920683,0.7738457635717909,0.7699252801992528,300.0
weighted avg,0.7662433057105812,0.77,0.7670562770562771,300.0
